,SalePrice
SalePrice,1.0
OverallQual,0.7909816005838053
GrLivArea,0.7086244776126515
GarageCars,0.6404091972583519
GarageArea,0.6234314389183622
TotalBsmtSF,0.6135805515591943
1stFlrSF,0.6058521846919153
ExterQual_TA,0.5890435234097584
FullBath,0.5606637627484453
BsmtQual_Ex,0.5531048470089394
TotRmsAbvGrd,0.5337231555820284
YearBuilt,0.5228973328794967
KitchenQual_TA,0.519297853654885
YearRemodAdd,0.5071009671113866
KitchenQual_Ex,0.5040936759052969
Foundation_PConc,0.4977337525869374
MasVnrArea,0.4726144990045735
Fireplaces,0.46692883675152763
GarageYrBlt,0.4667536523633407
ExterQual_Gd,0.4524661278447932
BsmtQual_TA,0.4523935323501029
ExterQual_Ex,0.4511643302227565
BsmtFinType1_GLQ,0.4345973468827764
HeatingQC_Ex,0.43454323853246873
GarageFinish_Fin,0.41967796781801625
GarageFinish_Unf,0.410608311291673
Neighborhood_NridgHt,0.40214859817526777
BsmtFinSF1,0.3864198062421535
MasVnrType_None,0.37446767345546
SaleType_New,0.3575094050831932
GarageType_Detchd,0.3541407884127035
SaleCondition_Partial,0.3520598546714349
Foundation_CBlock,0.3432629994446494
FireplaceQu_Gd,0.3393287232704448
GarageType_Attchd,0.33596064720954505
LotFrontage,0.3347708531397599
MasVnrType_Stone,0.3304756465434122
Neighborhood_NoRidge,0.330423625765358
WoodDeckSF,0.32441344456812926
KitchenQual_Gd,0.3216411088189485
2ndFlrSF,0.31933380283206736
OpenPorchSF,0.31585622711605504
HeatingQC_TA,0.31267704543518277
BsmtExposure_Gd,0.30729831458669377
Exterior2nd_VinylSd,0.3063888808714816
Exterior1st_VinylSd,0.3050088024776266
MSZoning_RM,0.2880651218971258
HalfBath,0.28410767559478256
GarageCond_TA,0.2758720018050618
LotShape_Reg,0.2676717602887935
LotArea,0.2638433538714051
BsmtExposure_No,0.2636004118714238
FireplaceQu_Ex,0.25523853122885876
CentralAir_Y,0.2513281638401552
CentralAir_N,0.2513281638401551
GarageQual_TA,0.24534631715662505
MSZoning_RL,0.24506340389709286
HouseStyle_2Story,0.24288002726854338
SaleType_WD,0.24259751727295026
Electrical_SBrkr,0.24189604705963133
RoofStyle_Hip,0.2358969186646028
GarageType_BuiltIn,0.23544865016730773
BsmtQual_Gd,0.23482172845401966
PavedDrive_Y,0.23196803451042144
BsmtFullBath,0.22712223313149427
RoofStyle_Gable,0.224744116213091
LotShape_IR1,0.22328392470490174
Neighborhood_StoneBr,0.21536272276938623
BsmtUnfSF,0.21447910554696928
PavedDrive_N,0.212629782531411
Foundation_BrkTil,0.204117365782701
MasVnrType_BrkFace,0.19819120620063865
Electrical_FuseA,0.19397792356662324
Neighborhood_OldTown,0.1921887988609724
Neighborhood_NAmes,0.18851259699796927
Neighborhood_Edwards,0.17994896448338465
GarageFinish_RFn,0.16979152720952215
RoofMatl_WdShngl,0.16932390580208084
BedroomAbvGr,0.16821315430073963
Exterior1st_MetalSd,0.16706804265413447
Neighborhood_IDOTRR,0.16405585189091743
HouseStyle_1.5Fin,0.16346607100995553
FireplaceQu_TA,0.1631466482099517
Exterior2nd_MetalSd,0.1623886705844275
Exterior2nd_Wd Sdng,0.16180049517317943
Exterior1st_Wd Sdng,0.158619081651073
KitchenQual_Fa,0.15719868628269512
SaleCondition_Normal,0.1539897904853657
